date,value,series_id,description,source,indicator_name
2023-01-01,80.0,RBRTE,Brent Crude Oil Price,EIA (Sample),oil_price
2023-01-02,78.89388559063052,RBRTE,Brent Crude Oil Price,EIA (Sample),oil_price
2023-01-03,84.0037521329584,RBRTE,Brent Crude Oil Price,EIA (Sample),oil_price
2023-01-04,96.79777438783789,RBRTE,Brent Crude Oil Price,EIA (Sample),oil_price
2023-01-05,94.53122183397586,RBRTE,Brent Crude Oil Price,EIA (Sample),oil_price
2023-01-06,92.31789657228636,RBRTE,Brent Crude Oil Price,EIA (Sample),oil_price
2023-01-07,106.8968571090504,RBRTE,Brent Crude Oil Price,EIA (Sample),oil_price
2023-01-08,115.10049316732854,RBRTE,Brent Crude Oil Price,EIA (Sample),oil_price
2023-01-09,109.69681983227436,RBRTE,Brent Crude Oil Price,EIA (Sample),oil_price
2023-01-10,115.6485309672184,RBRTE,Brent Crude Oil Price,EIA (Sample),oil_price
2023-01-11,110.28917342742051,RBRTE,Brent Crude Oil Price,EIA (Sample),oil_price
2023-01-12,105.15267847123853,RBRTE,Brent Crude Oil Price,EIA (Sample),oil_price
2023-01-13,107.6969765656539,RBRTE,Brent Crude Oil Price,EIA (Sample),oil_price
2023-01-14,87.09152679840996,RBRTE,Brent Crude Oil Price,EIA (Sample),oil_price
2023-01-15,72.06895403487356,RBRTE,Brent Crude Oil Price,EIA (Sample),oil_price
2023-01-16,68.01660662494854,RBRTE,Brent Crude Oil Price,EIA (Sample),oil_price
2023-01-17,61.12767303601929,RBRTE,Brent Crude Oil Price,EIA (Sample),oil_price
2023-01-18,63.0485938559518,RBRTE,Brent Crude Oil Price,EIA (Sample),oil_price
2023-01-19,57.323629741055505,RBRTE,Brent Crude Oil Price,EIA (Sample),oil_price
2023-01-20,49.22779229532886,RBRTE,Brent Crude Oil Price,EIA (Sample),oil_price
2023-01-21,56.44285761276633,RBRTE,Brent Crude Oil Price,EIA (Sample),oil_price
2023-01-22,55.16851165469647,RBRTE,Brent Crude Oil Price,EIA (Sample),oil_price
2023-01-23,55.54105470943111,RBRTE,Brent Crude Oil Price,EIA (Sample),oil_price
2023-01-24,47.62785301366667,RBRTE,Brent Crude Oil Price,EIA (Sample),oil_price
2023-01-25,45.03507497498019,RBRTE,Brent Crude Oil Price,EIA (Sample),oil_price
2023-01-26,45.534615689380466,RBRTE,Brent Crude Oil Price,EIA (Sample),oil_price
2023-01-27,40.29361066849349,RBRTE,Brent Crude Oil Price,EIA (Sample),oil_price
2023-01-28,41.807433636507994,RBRTE,Brent Crude Oil Price,EIA (Sample),oil_price
2023-01-29,39.29631741967804,RBRTE,Brent Crude Oil Price,EIA (Sample),oil_price
2023-01-30,38.150068401556766,RBRTE,Brent Crude Oil Price,EIA (Sample),oil_price
2023-01-31,35.85455356013472,RBRTE,Brent Crude Oil Price,EIA (Sample),oil_price
2023-02-01,42.4958142976092,RBRTE,Brent Crude Oil Price,EIA (Sample),oil_price
2023-02-02,42.43845674200956,RBRTE,Brent Crude Oil Price,EIA (Sample),oil_price
2023-02-03,37.949694791605,RBRTE,Brent Crude Oil Price,EIA (Sample),oil_price
2023-02-04,41.07122762827536,RBRTE,Brent Crude Oil Price,EIA (Sample),oil_price
2023-02-05,36.05707288362592,RBRTE,Brent Crude Oil Price,EIA (Sample),oil_price
2023-02-06,36.81017387040818,RBRTE,Brent Crude Oil Price,EIA (Sample),oil_price
2023-02-07,29.59659407154229,RBRTE,Brent Crude Oil Price,EIA (Sample),oil_price
2023-02-08,25.665615737469043,RBRTE,Brent Crude Oil Price,EIA (Sample),oil_price
2023-02-09,26.170872220811063,RBRTE,Brent Crude Oil Price,EIA (Sample),oil_price
2023-02-10,28.10350367125099,RBRTE,Brent Crude Oil Price,EIA (Sample),oil_price
2023-02-11,28.585108583206818,RBRTE,Brent Crude Oil Price,EIA (Sample),oil_price
2023-02-12,28.254526712253895,RBRTE,Brent Crude Oil Price,EIA (Sample),oil_price
2023-02-13,27.403772471235303,RBRTE,Brent Crude Oil Price,EIA (Sample),oil_price
2023-02-14,23.35206444946061,RBRTE,Brent Crude Oil Price,EIA (Sample),oil_price
2023-02-15,21.67107961466019,RBRTE,Brent Crude Oil Price,EIA (Sample),oil_price
2023-02-16,20.672825666753315,RBRTE,Brent Crude Oil Price,EIA (Sample),oil_price
2023-02-17,22.858196015860695,RBRTE,Brent Crude Oil Price,EIA (Sample),oil_price
2023-02-18,23.643645437619764,RBRTE,Brent Crude Oil Price,EIA (Sample),oil_price
2023-02-19,19.47517580505151,RBRTE,Brent Crude Oil Price,EIA (Sample),oil_price
2023-02-20,20.106335033007767,RBRTE,Brent Crude Oil Price,EIA (Sample),oil_price
2023-02-21,19.332075698475254,RBRTE,Brent Crude Oil Price,EIA (Sample),oil_price
2023-02-22,18.023444963287446,RBRTE,Brent Crude Oil Price,EIA (Sample),oil_price
2023-02-23,19.125896356014575,RBRTE,Brent Crude Oil Price,EIA (Sample),oil_price
2023-02-24,21.09777535705038,RBRTE,Brent Crude Oil Price,EIA (Sample),oil_price
2023-02-25,23.062569231810446,RBRTE,Brent Crude Oil Price,EIA (Sample),oil_price
2023-02-26,21.127118008823388,RBRTE,Brent Crude Oil Price,EIA (Sample),oil_price
2023-02-27,20.47384137338366,RBRTE,Brent Crude Oil Price,EIA (Sample),oil_price
2023-02-28,21.15206486811959,RBRTE,Brent Crude Oil Price,EIA (Sample),oil_price
2023-03-01,23.215544249186603,RBRTE,Brent Crude Oil Price,EIA (Sample),oil_price
2023-03-02,22.103115177009844,RBRTE,Brent Crude Oil Price,EIA (Sample),oil_price
2023-03-03,21.69275100252523,RBRTE,Brent Crude Oil Price,EIA (Sample),oil_price
2023-03-04,19.29280609087543,RBRTE,Brent Crude Oil Price,EIA (Sample),oil_price
2023-03-05,16.98498784657452,RBRTE,Brent Crude Oil Price,EIA (Sample),oil_price
2023-03-06,18.365061968413862,RBRTE,Brent Crude Oil Price,EIA (Sample),oil_price
2023-03-07,20.855805185288517,RBRTE,Brent Crude Oil Price,EIA (Sample),oil_price
2023-03-08,20.70562227858368,RBRTE,Brent Crude Oil Price,EIA (Sample),oil_price
2023-03-09,22.783499591372152,RBRTE,Brent Crude Oil Price,EIA (Sample),oil_price
2023-03-10,23.60743301426197,RBRTE,Brent Crude Oil Price,EIA (Sample),oil_price
2023-03-11,22.08447087496021,RBRTE,Brent Crude Oil Price,EIA (Sample),oil_price
2023-03-12,22.882593947379128,RBRTE,Brent Crude Oil Price,EIA (Sample),oil_price
2023-03-13,26.402020570045327,RBRTE,Brent Crude Oil Price,EIA (Sample),oil_price
2023-03-14,26.307432587892908,RBRTE,Brent Crude Oil Price,EIA (Sample),oil_price
2023-03-15,30.423608337833038,RBRTE,Brent Crude Oil Price,EIA (Sample),oil_price
2023-03-16,22.453398438654833,RBRTE,Brent Crude Oil Price,EIA (Sample),oil_price
2023-03-17,24.29884887950135,RBRTE,Brent Crude Oil Price,EIA (Sample),oil_price
2023-03-18,24.510363235153644,RBRTE,Brent Crude Oil Price,EIA (Sample),oil_price
2023-03-19,23.777485358163712,RBRTE,Brent Crude Oil Price,EIA (Sample),oil_price
2023-03-20,23.99566941021638,RBRTE,Brent Crude Oil Price,EIA (Sample),oil_price
2023-03-21,19.22636474973782,RBRTE,Brent Crude Oil Price,EIA (Sample),oil_price
2023-03-22,18.80401556565507,RBRTE,Brent Crude Oil Price,EIA (Sample),oil_price
2023-03-23,19.47553060099487,RBRTE,Brent Crude Oil Price,EIA (Sample),oil_price
2023-03-24,22.353807670334017,RBRTE,Brent Crude Oil Price,EIA (Sample),oil_price
2023-03-25,21.195276392278902,RBRTE,Brent Crude Oil Price,EIA (Sample),oil_price
2023-03-26,19.481651854807854,RBRTE,Brent Crude Oil Price,EIA (Sample),oil_price
2023-03-27,18.504146250926695,RBRTE,Brent Crude Oil Price,EIA (Sample),oil_price
2023-03-28,20.19801971736341,RBRTE,Brent Crude Oil Price,EIA (Sample),oil_price
2023-03-29,20.86203185686455,RBRTE,Brent Crude Oil Price,EIA (Sample),oil_price
2023-03-30,19.756844432115848,RBRTE,Brent Crude Oil Price,EIA (Sample),oil_price
2023-03-31,20.77089891492505,RBRTE,Brent Crude Oil Price,EIA (Sample),oil_price
2023-04-01,20.97253771136673,RBRTE,Brent Crude Oil Price,EIA (Sample),oil_price
2023-04-02,23.00403207065448,RBRTE,Brent Crude Oil Price,EIA (Sample),oil_price
2023-04-03,21.389026881968796,RBRTE,Brent Crude Oil Price,EIA (Sample),oil_price
2023-04-04,20.68818943579047,RBRTE,Brent Crude Oil Price,EIA (Sample),oil_price
2023-04-05,19.876988660658867,RBRTE,Brent Crude Oil Price,EIA (Sample),oil_price
2023-04-06,16.96796165778618,RBRTE,Brent Crude Oil Price,EIA (Sample),oil_price
2023-04-07,17.470417408518653,RBRTE,Brent Crude Oil Price,EIA (Sample),oil_price
2023-04-08,17.926491865686362,RBRTE,Brent Crude Oil Price,EIA (Sample),oil_price
2023-04-09,17.935658499577023,RBRTE,Brent Crude Oil Price,EIA (Sample),oil_price
2023-04-10,17.514911028315886,RBRTE,Brent Crude Oil Price,EIA (Sample),oil_price
2023-04-11,15.035901766406441,RBRTE,Brent Crude Oil Price,EIA (Sample),oil_price
2023-04-12,14.403423591246614,RBRTE,Brent Crude Oil Price,EIA (Sample),oil_price
2023-04-13,13.909797356006179,RBRTE,Brent Crude Oil Price,EIA (Sample),oil_price
2023-04-14,12.793845932185906,RBRTE,Brent Crude Oil Price,EIA (Sample),oil_price
2023-04-15,12.587499477574118,RBRTE,Brent Crude Oil Price,EIA (Sample),oil_price
2023-04-16,13.096098472480755,RBRTE,Brent Crude Oil Price,EIA (Sample),oil_price
2023-04-17,15.566266102446551,RBRTE,Brent Crude Oil Price,EIA (Sample),oil_price
2023-04-18,15.838018571458903,RBRTE,Brent Crude Oil Price,EIA (Sample),oil_price
2023-04-19,16.24592735859427,RBRTE,Brent Crude Oil Price,EIA (Sample),oil_price
2023-04-20,16.12498306462615,RBRTE,Brent Crude Oil Price,EIA (Sample),oil_price
2023-04-21,13.03096772946723,RBRTE,Brent Crude Oil Price,EIA (Sample),oil_price
2023-04-22,12.996417583931045,RBRTE,Brent Crude Oil Price,EIA (Sample),oil_price
2023-04-23,13.074695279887186,RBRTE,Brent Crude Oil Price,EIA (Sample),oil_price
2023-04-24,16.295309282020256,RBRTE,Brent Crude Oil Price,EIA (Sample),oil_price
2023-04-25,15.981851140530637,RBRTE,Brent Crude Oil Price,EIA (Sample),oil_price
2023-04-26,16.46377961423048,RBRTE,Brent Crude Oil Price,EIA (Sample),oil_price
2023-04-27,16.406630921585773,RBRTE,Brent Crude Oil Price,EIA (Sample),oil_price
2023-04-28,14.489223998647093,RBRTE,Brent Crude Oil Price,EIA (Sample),oil_price
2023-04-29,16.14508557367434,RBRTE,Brent Crude Oil Price,EIA (Sample),oil_price
2023-04-30,17.35908788951438,RBRTE,Brent Crude Oil Price,EIA (Sample),oil_price
2023-05-01,18.732247198727773,RBRTE,Brent Crude Oil Price,EIA (Sample),oil_price
2023-05-02,17.02876013846408,RBRTE,Brent Crude Oil Price,EIA (Sample),oil_price
2023-05-03,19.41754492291736,RBRTE,Brent Crude Oil Price,EIA (Sample),oil_price
2023-05-04,16.695494324216504,RBRTE,Brent Crude Oil Price,EIA (Sample),oil_price
2023-05-05,17.675281252083366,RBRTE,Brent Crude Oil Price,EIA (Sample),oil_price
2023-05-06,21.54697317772333,RBRTE,Brent Crude Oil Price,EIA (Sample),oil_price
2023-05-07,19.412667214808174,RBRTE,Brent Crude Oil Price,EIA (Sample),oil_price
2023-05-08,18.31333227788017,RBRTE,Brent Crude Oil Price,EIA (Sample),oil_price
2023-05-09,18.4958271339596,RBRTE,Brent Crude Oil Price,EIA (Sample),oil_price
2023-05-10,17.564607267490555,RBRTE,Brent Crude Oil Price,EIA (Sample),oil_price
2023-05-11,14.840927850416952,RBRTE,Brent Crude Oil Price,EIA (Sample),oil_price
2023-05-12,14.942681666647573,RBRTE,Brent Crude Oil Price,EIA (Sample),oil_price
2023-05-13,13.355315043896903,RBRTE,Brent Crude Oil Price,EIA (Sample),oil_price
2023-05-14,13.987812655250677,RBRTE,Brent Crude Oil Price,EIA (Sample),oil_price
2023-05-15,12.701739261334701,RBRTE,Brent Crude Oil Price,EIA (Sample),oil_price
2023-05-16,14.670425529805172,RBRTE,Brent Crude Oil Price,EIA (Sample),oil_price
2023-05-17,13.521359620185823,RBRTE,Brent Crude Oil Price,EIA (Sample),oil_price
2023-05-18,13.085888662141897,RBRTE,Brent Crude Oil Price,EIA (Sample),oil_price
2023-05-19,14.150448235265397,RBRTE,Brent Crude Oil Price,EIA (Sample),oil_price
2023-05-20,12.408720055831996,RBRTE,Brent Crude Oil Price,EIA (Sample),oil_price
2023-05-21,12.690968721074045,RBRTE,Brent Crude Oil Price,EIA (Sample),oil_price
2023-05-22,14.349859501931732,RBRTE,Brent Crude Oil Price,EIA (Sample),oil_price
2023-05-23,12.043143645165292,RBRTE,Brent Crude Oil Price,EIA (Sample),oil_price
2023-05-24,12.265500853171858,RBRTE,Brent Crude Oil Price,EIA (Sample),oil_price
2023-05-25,12.58426011662973,RBRTE,Brent Crude Oil Price,EIA (Sample),oil_price
2023-05-26,13.568126354987342,RBRTE,Brent Crude Oil Price,EIA (Sample),oil_price
2023-05-27,11.889816000978819,RBRTE,Brent Crude Oil Price,EIA (Sample),oil_price
2023-05-28,10.319817384294046,RBRTE,Brent Crude Oil Price,EIA (Sample),oil_price
2023-05-29,10.858451548537936,RBRTE,Brent Crude Oil Price,EIA (Sample),oil_price
2023-05-30,11.18093091703403,RBRTE,Brent Crude Oil Price,EIA (Sample),oil_price
2023-05-31,11.461005242526847,RBRTE,Brent Crude Oil Price,EIA (Sample),oil_price
2023-06-01,11.858069717057736,RBRTE,Brent Crude Oil Price,EIA (Sample),oil_price
2023-06-02,11.051691661277685,RBRTE,Brent Crude Oil Price,EIA (Sample),oil_price
2023-06-03,11.308371286099204,RBRTE,Brent Crude Oil Price,EIA (Sample),oil_price
2023-06-04,11.639788520278891,RBRTE,Brent Crude Oil Price,EIA (Sample),oil_price
2023-06-05,10.808298576780064,RBRTE,Brent Crude Oil Price,EIA (Sample),oil_price
2023-06-06,12.824883376119905,RBRTE,Brent Crude Oil Price,EIA (Sample),oil_price
2023-06-07,13.432568571165897,RBRTE,Brent Crude Oil Price,EIA (Sample),oil_price
2023-06-08,11.832341979641464,RBRTE,Brent Crude Oil Price,EIA (Sample),oil_price
2023-06-09,12.60919866217378,RBRTE,Brent Crude Oil Price,EIA (Sample),oil_price
2023-06-10,11.380203180946214,RBRTE,Brent Crude Oil Price,EIA (Sample),oil_price
2023-06-11,12.275921452064578,RBRTE,Brent Crude Oil Price,EIA (Sample),oil_price
2023-06-12,13.698204284324996,RBRTE,Brent Crude Oil Price,EIA (Sample),oil_price
2023-06-13,12.57401687939348,RBRTE,Brent Crude Oil Price,EIA (Sample),oil_price
2023-06-14,13.785367650425766,RBRTE,Brent Crude Oil Price,EIA (Sample),oil_price
2023-06-15,14.354401334116082,RBRTE,Brent Crude Oil Price,EIA (Sample),oil_price
2023-06-16,15.534419479850941,RBRTE,Brent Crude Oil Price,EIA (Sample),oil_price
2023-06-17,18.480977265749345,RBRTE,Brent Crude Oil Price,EIA (Sample),oil_price
2023-06-18,18.027476046435936,RBRTE,Brent Crude Oil Price,EIA (Sample),oil_price
2023-06-19,16.66867998160722,RBRTE,Brent Crude Oil Price,EIA (Sample),oil_price
2023-06-20,15.185976844962248,RBRTE,Brent Crude Oil Price,EIA (Sample),oil_price
2023-06-21,13.947089235225528,RBRTE,Brent Crude Oil Price,EIA (Sample),oil_price
2023-06-22,13.839554793086833,RBRTE,Brent Crude Oil Price,EIA (Sample),oil_price
2023-06-23,14.311693937911304,RBRTE,Brent Crude Oil Price,EIA (Sample),oil_price
2023-06-24,14.707685341456031,RBRTE,Brent Crude Oil Price,EIA (Sample),oil_price
2023-06-25,15.924280436110541,RBRTE,Brent Crude Oil Price,EIA (Sample),oil_price
2023-06-26,15.944985013356918,RBRTE,Brent Crude Oil Price,EIA (Sample),oil_price
2023-06-27,18.262642921024618,RBRTE,Brent Crude Oil Price,EIA (Sample),oil_price
2023-06-28,17.77930959682122,RBRTE,Brent Crude Oil Price,EIA (Sample),oil_price
2023-06-29,22.61558257367362,RBRTE,Brent Crude Oil Price,EIA (Sample),oil_price
2023-06-30,24.030565730376708,RBRTE,Brent Crude Oil Price,EIA (Sample),oil_price
2023-07-01,21.97076763030165,RBRTE,Brent Crude Oil Price,EIA (Sample),oil_price
2023-07-02,19.617934607108257,RBRTE,Brent Crude Oil Price,EIA (Sample),oil_price
2023-07-03,20.564445836305694,RBRTE,Brent Crude Oil Price,EIA (Sample),oil_price
2023-07-04,20.10490700177935,RBRTE,Brent Crude Oil Price,EIA (Sample),oil_price
2023-07-05,21.540398355073954,RBRTE,Brent Crude Oil Price,EIA (Sample),oil_price
2023-07-06,22.559771050066264,RBRTE,Brent Crude Oil Price,EIA (Sample),oil_price
2023-07-07,22.39547069052983,RBRTE,Brent Crude Oil Price,EIA (Sample),oil_price
2023-07-08,20.499036301137256,RBRTE,Brent Crude Oil Price,EIA (Sample),oil_price
2023-07-09,17.393745476185998,RBRTE,Brent Crude Oil Price,EIA (Sample),oil_price
2023-07-10,16.617088733429483,RBRTE,Brent Crude Oil Price,EIA (Sample),oil_price
2023-07-11,18.040174209076998,RBRTE,Brent Crude Oil Price,EIA (Sample),oil_price
2023-07-12,18.42640305319524,RBRTE,Brent Crude Oil Price,EIA (Sample),oil_price
2023-07-13,16.130954569641013,RBRTE,Brent Crude Oil Price,EIA (Sample),oil_price
2023-07-14,16.41031193436439,RBRTE,Brent Crude Oil Price,EIA (Sample),oil_price
2023-07-15,17.04262977387261,RBRTE,Brent Crude Oil Price,EIA (Sample),oil_price
2023-07-16,15.536304268066594,RBRTE,Brent Crude Oil Price,EIA (Sample),oil_price
2023-07-17,15.775136270027645,RBRTE,Brent Crude Oil Price,EIA (Sample),oil_price
2023-07-18,15.866961316586577,RBRTE,Brent Crude Oil Price,EIA (Sample),oil_price
2023-07-19,14.053414766417983,RBRTE,Brent Crude Oil Price,EIA (Sample),oil_price
2023-07-20,14.55622818373361,RBRTE,Brent Crude Oil Price,EIA (Sample),oil_price
2023-07-21,15.37251893650591,RBRTE,Brent Crude Oil Price,EIA (Sample),oil_price
2023-07-22,17.03744151099773,RBRTE,Brent Crude Oil Price,EIA (Sample),oil_price
2023-07-23,18.832850593569134,RBRTE,Brent Crude Oil Price,EIA (Sample),oil_price
2023-07-24,16.23830645616186,RBRTE,Brent Crude Oil Price,EIA (Sample),oil_price
2023-07-25,14.715437416121462,RBRTE,Brent Crude Oil Price,EIA (Sample),oil_price
2023-07-26,15.473334340291904,RBRTE,Brent Crude Oil Price,EIA (Sample),oil_price
2023-07-27,16.268332520072846,RBRTE,Brent Crude Oil Price,EIA (Sample),oil_price
2023-07-28,17.10622922252494,RBRTE,Brent Crude Oil Price,EIA (Sample),oil_price
2023-07-29,23.69680002372293,RBRTE,Brent Crude Oil Price,EIA (Sample),oil_price
2023-07-30,25.049627850456634,RBRTE,Brent Crude Oil Price,EIA (Sample),oil_price
2023-07-31,27.894177519085588,RBRTE,Brent Crude Oil Price,EIA (Sample),oil_price
2023-08-01,30.555286973525597,RBRTE,Brent Crude Oil Price,EIA (Sample),oil_price
2023-08-02,32.54563163509486,RBRTE,Brent Crude Oil Price,EIA (Sample),oil_price
2023-08-03,31.519567964900926,RBRTE,Brent Crude Oil Price,EIA (Sample),oil_price
2023-08-04,33.91180615776146,RBRTE,Brent Crude Oil Price,EIA (Sample),oil_price
2023-08-05,31.291016270838607,RBRTE,Brent Crude Oil Price,EIA (Sample),oil_price
2023-08-06,30.549986783164712,RBRTE,Brent Crude Oil Price,EIA (Sample),oil_price
2023-08-07,29.06720178604381,RBRTE,Brent Crude Oil Price,EIA (Sample),oil_price
2023-08-08,29.3051869991039,RBRTE,Brent Crude Oil Price,EIA (Sample),oil_price
2023-08-09,36.0883372126484,RBRTE,Brent Crude Oil Price,EIA (Sample),oil_price
2023-08-10,29.349687619079212,RBRTE,Brent Crude Oil Price,EIA (Sample),oil_price
2023-08-11,31.36383984036939,RBRTE,Brent Crude Oil Price,EIA (Sample),oil_price
2023-08-12,26.305743611167987,RBRTE,Brent Crude Oil Price,EIA (Sample),oil_price
2023-08-13,25.06429174482829,RBRTE,Brent Crude Oil Price,EIA (Sample),oil_price
2023-08-14,27.793669290637787,RBRTE,Brent Crude Oil Price,EIA (Sample),oil_price
2023-08-15,27.972327049911303,RBRTE,Brent Crude Oil Price,EIA (Sample),oil_price
2023-08-16,24.957624109454045,RBRTE,Brent Crude Oil Price,EIA (Sample),oil_price
2023-08-17,23.172395999473196,RBRTE,Brent Crude Oil Price,EIA (Sample),oil_price
2023-08-18,24.74718681533968,RBRTE,Brent Crude Oil Price,EIA (Sample),oil_price
2023-08-19,22.939734867460245,RBRTE,Brent Crude Oil Price,EIA (Sample),oil_price
2023-08-20,23.436285132939737,RBRTE,Brent Crude Oil Price,EIA (Sample),oil_price
2023-08-21,23.54308859634158,RBRTE,Brent Crude Oil Price,EIA (Sample),oil_price
2023-08-22,22.00902012503251,RBRTE,Brent Crude Oil Price,EIA (Sample),oil_price
2023-08-23,26.72763098592307,RBRTE,Brent Crude Oil Price,EIA (Sample),oil_price
2023-08-24,28.42194635627036,RBRTE,Brent Crude Oil Price,EIA (Sample),oil_price
2023-08-25,22.66609696009225,RBRTE,Brent Crude Oil Price,EIA (Sample),oil_price
2023-08-26,23.088716117811394,RBRTE,Brent Crude Oil Price,EIA (Sample),oil_price
2023-08-27,21.560736136246664,RBRTE,Brent Crude Oil Price,EIA (Sample),oil_price
2023-08-28,23.398645156774883,RBRTE,Brent Crude Oil Price,EIA (Sample),oil_price
2023-08-29,21.544254002977688,RBRTE,Brent Crude Oil Price,EIA (Sample),oil_price
2023-08-30,21.297062899141622,RBRTE,Brent Crude Oil Price,EIA (Sample),oil_price
2023-08-31,22.37253748351294,RBRTE,Brent Crude Oil Price,EIA (Sample),oil_price
2023-09-01,24.309451536824646,RBRTE,Brent Crude Oil Price,EIA (Sample),oil_price
2023-09-02,21.39159680310993,RBRTE,Brent Crude Oil Price,EIA (Sample),oil_price
2023-09-03,20.676045246384774,RBRTE,Brent Crude Oil Price,EIA (Sample),oil_price
2023-09-04,19.694046172072554,RBRTE,Brent Crude Oil Price,EIA (Sample),oil_price
2023-09-05,18.407376564885414,RBRTE,Brent Crude Oil Price,EIA (Sample),oil_price
2023-09-06,21.6571146657782,RBRTE,Brent Crude Oil Price,EIA (Sample),oil_price
2023-09-07,22.534188200960646,RBRTE,Brent Crude Oil Price,EIA (Sample),oil_price
2023-09-08,19.692888568304905,RBRTE,Brent Crude Oil Price,EIA (Sample),oil_price
2023-09-09,21.500423872748616,RBRTE,Brent Crude Oil Price,EIA (Sample),oil_price
2023-09-10,26.0631496487438,RBRTE,Brent Crude Oil Price,EIA (Sample),oil_price
2023-09-11,28.75407930803118,RBRTE,Brent Crude Oil Price,EIA (Sample),oil_price
2023-09-12,24.385270858102945,RBRTE,Brent Crude Oil Price,EIA (Sample),oil_price
2023-09-13,23.204452955546355,RBRTE,Brent Crude Oil Price,EIA (Sample),oil_price
2023-09-14,26.14425097156217,RBRTE,Brent Crude Oil Price,EIA (Sample),oil_price
2023-09-15,24.294102160157298,RBRTE,Brent Crude Oil Price,EIA (Sample),oil_price
2023-09-16,25.372321612962004,RBRTE,Brent Crude Oil Price,EIA (Sample),oil_price
2023-09-17,27.337748046558158,RBRTE,Brent Crude Oil Price,EIA (Sample),oil_price
2023-09-18,24.80372887769026,RBRTE,Brent Crude Oil Price,EIA (Sample),oil_price
2023-09-19,24.656083798379775,RBRTE,Brent Crude Oil Price,EIA (Sample),oil_price
2023-09-20,16.664387883410317,RBRTE,Brent Crude Oil Price,EIA (Sample),oil_price
2023-09-21,14.957308583593676,RBRTE,Brent Crude Oil Price,EIA (Sample),oil_price
2023-09-22,14.579534605716146,RBRTE,Brent Crude Oil Price,EIA (Sample),oil_price
2023-09-23,12.760324797527433,RBRTE,Brent Crude Oil Price,EIA (Sample),oil_price
2023-09-24,14.843334641659727,RBRTE,Brent Crude Oil Price,EIA (Sample),oil_price
2023-09-25,12.720527935864322,RBRTE,Brent Crude Oil Price,EIA (Sample),oil_price
2023-09-26,12.160768117259115,RBRTE,Brent Crude Oil Price,EIA (Sample),oil_price
2023-09-27,12.31975870164839,RBRTE,Brent Crude Oil Price,EIA (Sample),oil_price
2023-09-28,14.095372616090957,RBRTE,Brent Crude Oil Price,EIA (Sample),oil_price
2023-09-29,12.071471411469345,RBRTE,Brent Crude Oil Price,EIA (Sample),oil_price
2023-09-30,13.475581209568945,RBRTE,Brent Crude Oil Price,EIA (Sample),oil_price
2023-10-01,13.489370854048136,RBRTE,Brent Crude Oil Price,EIA (Sample),oil_price
2023-10-02,12.165377435003903,RBRTE,Brent Crude Oil Price,EIA (Sample),oil_price
2023-10-03,12.727543752847833,RBRTE,Brent Crude Oil Price,EIA (Sample),oil_price
2023-10-04,12.980897851331823,RBRTE,Brent Crude Oil Price,EIA (Sample),oil_price
2023-10-05,12.201762454227454,RBRTE,Brent Crude Oil Price,EIA (Sample),oil_price
2023-10-06,12.286933300213255,RBRTE,Brent Crude Oil Price,EIA (Sample),oil_price
2023-10-07,11.813501053782684,RBRTE,Brent Crude Oil Price,EIA (Sample),oil_price
2023-10-08,11.947604781557507,RBRTE,Brent Crude Oil Price,EIA (Sample),oil_price
2023-10-09,12.738692342849863,RBRTE,Brent Crude Oil Price,EIA (Sample),oil_price
2023-10-10,14.759070369996055,RBRTE,Brent Crude Oil Price,EIA (Sample),oil_price
2023-10-11,12.932169764770332,RBRTE,Brent Crude Oil Price,EIA (Sample),oil_price
2023-10-12,15.690644736267915,RBRTE,Brent Crude Oil Price,EIA (Sample),oil_price
2023-10-13,12.62769312063686,RBRTE,Brent Crude Oil Price,EIA (Sample),oil_price
2023-10-14,12.436023560597254,RBRTE,Brent Crude Oil Price,EIA (Sample),oil_price
2023-10-15,13.16765622469195,RBRTE,Brent Crude Oil Price,EIA (Sample),oil_price
2023-10-16,13.53765665631885,RBRTE,Brent Crude Oil Price,EIA (Sample),oil_price
2023-10-17,12.694667426380269,RBRTE,Brent Crude Oil Price,EIA (Sample),oil_price
2023-10-18,12.430463151148722,RBRTE,Brent Crude Oil Price,EIA (Sample),oil_price
2023-10-19,11.817640155972871,RBRTE,Brent Crude Oil Price,EIA (Sample),oil_price
2023-10-20,11.12115009415496,RBRTE,Brent Crude Oil Price,EIA (Sample),oil_price
2023-10-21,12.066005338282922,RBRTE,Brent Crude Oil Price,EIA (Sample),oil_price
2023-10-22,12.496780414233314,RBRTE,Brent Crude Oil Price,EIA (Sample),oil_price
2023-10-23,11.630866508344546,RBRTE,Brent Crude Oil Price,EIA (Sample),oil_price
2023-10-24,12.677179114553297,RBRTE,Brent Crude Oil Price,EIA (Sample),oil_price
2023-10-25,13.066748221350217,RBRTE,Brent Crude Oil Price,EIA (Sample),oil_price
2023-10-26,14.128894685904411,RBRTE,Brent Crude Oil Price,EIA (Sample),oil_price
2023-10-27,15.01849064577908,RBRTE,Brent Crude Oil Price,EIA (Sample),oil_price
2023-10-28,13.773465264086013,RBRTE,Brent Crude Oil Price,EIA (Sample),oil_price
2023-10-29,13.00190185421076,RBRTE,Brent Crude Oil Price,EIA (Sample),oil_price
2023-10-30,13.973525665219958,RBRTE,Brent Crude Oil Price,EIA (Sample),oil_price
2023-10-31,14.826428122152121,RBRTE,Brent Crude Oil Price,EIA (Sample),oil_price
2023-11-01,14.795438524097337,RBRTE,Brent Crude Oil Price,EIA (Sample),oil_price
2023-11-02,14.969029532791167,RBRTE,Brent Crude Oil Price,EIA (Sample),oil_price
2023-11-03,16.881569888597912,RBRTE,Brent Crude Oil Price,EIA (Sample),oil_price
2023-11-04,15.882904514125213,RBRTE,Brent Crude Oil Price,EIA (Sample),oil_price
2023-11-05,16.751854060630382,RBRTE,Brent Crude Oil Price,EIA (Sample),oil_price
2023-11-06,16.41314388005995,RBRTE,Brent Crude Oil Price,EIA (Sample),oil_price
2023-11-07,16.055860589204656,RBRTE,Brent Crude Oil Price,EIA (Sample),oil_price
2023-11-08,17.820041384619806,RBRTE,Brent Crude Oil Price,EIA (Sample),oil_price
2023-11-09,19.290936734470655,RBRTE,Brent Crude Oil Price,EIA (Sample),oil_price
2023-11-10,20.86027302656771,RBRTE,Brent Crude Oil Price,EIA (Sample),oil_price
2023-11-11,23.58353746133144,RBRTE,Brent Crude Oil Price,EIA (Sample),oil_price
2023-11-12,23.633071949929242,RBRTE,Brent Crude Oil Price,EIA (Sample),oil_price
2023-11-13,25.244736313637432,RBRTE,Brent Crude Oil Price,EIA (Sample),oil_price
2023-11-14,24.4614760679285,RBRTE,Brent Crude Oil Price,EIA (Sample),oil_price
2023-11-15,25.25443481527087,RBRTE,Brent Crude Oil Price,EIA (Sample),oil_price
2023-11-16,24.925765886951975,RBRTE,Brent Crude Oil Price,EIA (Sample),oil_price
2023-11-17,25.167535758490725,RBRTE,Brent Crude Oil Price,EIA (Sample),oil_price
2023-11-18,26.665399330450775,RBRTE,Brent Crude Oil Price,EIA (Sample),oil_price
2023-11-19,24.483581204565294,RBRTE,Brent Crude Oil Price,EIA (Sample),oil_price
2023-11-20,29.606494582129706,RBRTE,Brent Crude Oil Price,EIA (Sample),oil_price
2023-11-21,26.62802976663978,RBRTE,Brent Crude Oil Price,EIA (Sample),oil_price
2023-11-22,23.3948847142771,RBRTE,Brent Crude Oil Price,EIA (Sample),oil_price
2023-11-23,26.104271751465582,RBRTE,Brent Crude Oil Price,EIA (Sample),oil_price
2023-11-24,28.170849561336162,RBRTE,Brent Crude Oil Price,EIA (Sample),oil_price
2023-11-25,29.929048108778655,RBRTE,Brent Crude Oil Price,EIA (Sample),oil_price
2023-11-26,31.809626406349224,RBRTE,Brent Crude Oil Price,EIA (Sample),oil_price
2023-11-27,31.770669879454847,RBRTE,Brent Crude Oil Price,EIA (Sample),oil_price
2023-11-28,28.920032636017435,RBRTE,Brent Crude Oil Price,EIA (Sample),oil_price
2023-11-29,29.13925966570958,RBRTE,Brent Crude Oil Price,EIA (Sample),oil_price
2023-11-30,27.166060570966806,RBRTE,Brent Crude Oil Price,EIA (Sample),oil_price
2023-12-01,29.815076745163967,RBRTE,Brent Crude Oil Price,EIA (Sample),oil_price
2023-12-02,29.376624033621056,RBRTE,Brent Crude Oil Price,EIA (Sample),oil_price
2023-12-03,26.951591954522886,RBRTE,Brent Crude Oil Price,EIA (Sample),oil_price
2023-12-04,26.08540594810365,RBRTE,Brent Crude Oil Price,EIA (Sample),oil_price
2023-12-05,27.162554409455694,RBRTE,Brent Crude Oil Price,EIA (Sample),oil_price
2023-12-06,25.63133452570729,RBRTE,Brent Crude Oil Price,EIA (Sample),oil_price
2023-12-07,23.523873924445034,RBRTE,Brent Crude Oil Price,EIA (Sample),oil_price
2023-12-08,24.097120648458564,RBRTE,Brent Crude Oil Price,EIA (Sample),oil_price
2023-12-09,24.687419550343172,RBRTE,Brent Crude Oil Price,EIA (Sample),oil_price
2023-12-10,23.435907664486145,RBRTE,Brent Crude Oil Price,EIA (Sample),oil_price
2023-12-11,22.331986640795442,RBRTE,Brent Crude Oil Price,EIA (Sample),oil_price
2023-12-12,22.850200250902258,RBRTE,Brent Crude Oil Price,EIA (Sample),oil_price
2023-12-13,19.541298532561278,RBRTE,Brent Crude Oil Price,EIA (Sample),oil_price
2023-12-14,16.790931553675506,RBRTE,Brent Crude Oil Price,EIA (Sample),oil_price
2023-12-15,15.584596779257172,RBRTE,Brent Crude Oil Price,EIA (Sample),oil_price
2023-12-16,15.251947999946164,RBRTE,Brent Crude Oil Price,EIA (Sample),oil_price
2023-12-17,15.726142602275226,RBRTE,Brent Crude Oil Price,EIA (Sample),oil_price
2023-12-18,18.046308827965422,RBRTE,Brent Crude Oil Price,EIA (Sample),oil_price
2023-12-19,19.594067870923435,RBRTE,Brent Crude Oil Price,EIA (Sample),oil_price
2023-12-20,19.280683229795525,RBRTE,Brent Crude Oil Price,EIA (Sample),oil_price
2023-12-21,19.244018681715158,RBRTE,Brent Crude Oil Price,EIA (Sample),oil_price
2023-12-22,17.314749299509355,RBRTE,Brent Crude Oil Price,EIA (Sample),oil_price
2023-12-23,17.28269426866376,RBRTE,Brent Crude Oil Price,EIA (Sample),oil_price
2023-12-24,16.783814368217225,RBRTE,Brent Crude Oil Price,EIA (Sample),oil_price
2023-12-25,17.325459209206503,RBRTE,Brent Crude Oil Price,EIA (Sample),oil_price
2023-12-26,15.892243612295585,RBRTE,Brent Crude Oil Price,EIA (Sample),oil_price
2023-12-27,16.71760174464731,RBRTE,Brent Crude Oil Price,EIA (Sample),oil_price
2023-12-28,19.279973617257383,RBRTE,Brent Crude Oil Price,EIA (Sample),oil_price
2023-12-29,19.07028433797166,RBRTE,Brent Crude Oil Price,EIA (Sample),oil_price
2023-12-30,19.836360014203965,RBRTE,Brent Crude Oil Price,EIA (Sample),oil_price
2023-12-31,21.205354482326108,RBRTE,Brent Crude Oil Price,EIA (Sample),oil_price
2024-01-01,20.354552249135576,RBRTE,Brent Crude Oil Price,EIA (Sample),oil_price
2024-01-02,20.810682462100434,RBRTE,Brent Crude Oil Price,EIA (Sample),oil_price
2024-01-03,20.836888107510976,RBRTE,Brent Crude Oil Price,EIA (Sample),oil_price
2024-01-04,21.040414701134996,RBRTE,Brent Crude Oil Price,EIA (Sample),oil_price
2024-01-05,19.413970059099622,RBRTE,Brent Crude Oil Price,EIA (Sample),oil_price
2024-01-06,19.461554038020264,RBRTE,Brent Crude Oil Price,EIA (Sample),oil_price
2024-01-07,20.43073610361177,RBRTE,Brent Crude Oil Price,EIA (Sample),oil_price
2024-01-08,23.39552931354213,RBRTE,Brent Crude Oil Price,EIA (Sample),oil_price
2024-01-09,25.639794186672358,RBRTE,Brent Crude Oil Price,EIA (Sample),oil_price
2024-01-10,31.16050969236733,RBRTE,Brent Crude Oil Price,EIA (Sample),oil_price
2024-01-11,28.769415575288576,RBRTE,Brent Crude Oil Price,EIA (Sample),oil_price
2024-01-12,31.27903106656033,RBRTE,Brent Crude Oil Price,EIA (Sample),oil_price
2024-01-13,31.852507095889866,RBRTE,Brent Crude Oil Price,EIA (Sample),oil_price
2024-01-14,38.8275784427815,RBRTE,Brent Crude Oil Price,EIA (Sample),oil_price
2024-01-15,35.68915193480221,RBRTE,Brent Crude Oil Price,EIA (Sample),oil_price
2024-01-16,32.69225589394604,RBRTE,Brent Crude Oil Price,EIA (Sample),oil_price
2024-01-17,30.732706119365517,RBRTE,Brent Crude Oil Price,EIA (Sample),oil_price
2024-01-18,24.20539980702649,RBRTE,Brent Crude Oil Price,EIA (Sample),oil_price
2024-01-19,22.932788756993023,RBRTE,Brent Crude Oil Price,EIA (Sample),oil_price
2024-01-20,21.19188586039854,RBRTE,Brent Crude Oil Price,EIA (Sample),oil_price
2024-01-21,21.510598656110236,RBRTE,Brent Crude Oil Price,EIA (Sample),oil_price
2024-01-22,22.24573621943722,RBRTE,Brent Crude Oil Price,EIA (Sample),oil_price
2024-01-23,26.419416378616898,RBRTE,Brent Crude Oil Price,EIA (Sample),oil_price
2024-01-24,28.930380690336943,RBRTE,Brent Crude Oil Price,EIA (Sample),oil_price
2024-01-25,27.261376452340905,RBRTE,Brent Crude Oil Price,EIA (Sample),oil_price
2024-01-26,24.812174395747533,RBRTE,Brent Crude Oil Price,EIA (Sample),oil_price
2024-01-27,26.03273282295064,RBRTE,Brent Crude Oil Price,EIA (Sample),oil_price
2024-01-28,22.595804988715074,RBRTE,Brent Crude Oil Price,EIA (Sample),oil_price
2024-01-29,26.734133500526852,RBRTE,Brent Crude Oil Price,EIA (Sample),oil_price
2024-01-30,29.88726446485089,RBRTE,Brent Crude Oil Price,EIA (Sample),oil_price
2024-01-31,28.48502678535867,RBRTE,Brent Crude Oil Price,EIA (Sample),oil_price
2024-02-01,23.605158490551023,RBRTE,Brent Crude Oil Price,EIA (Sample),oil_price
2024-02-02,26.80099568736634,RBRTE,Brent Crude Oil Price,EIA (Sample),oil_price
2024-02-03,26.494017497501638,RBRTE,Brent Crude Oil Price,EIA (Sample),oil_price
2024-02-04,29.773490200313418,RBRTE,Brent Crude Oil Price,EIA (Sample),oil_price
2024-02-05,25.026322572891143,RBRTE,Brent Crude Oil Price,EIA (Sample),oil_price
2024-02-06,23.526307306233626,RBRTE,Brent Crude Oil Price,EIA (Sample),oil_price
2024-02-07,23.538643795332785,RBRTE,Brent Crude Oil Price,EIA (Sample),oil_price
2024-02-08,23.649229741524938,RBRTE,Brent Crude Oil Price,EIA (Sample),oil_price
2024-02-09,22.5848595681509,RBRTE,Brent Crude Oil Price,EIA (Sample),oil_price
2024-02-10,23.991557393560953,RBRTE,Brent Crude Oil Price,EIA (Sample),oil_price
2024-02-11,21.430169712953884,RBRTE,Brent Crude Oil Price,EIA (Sample),oil_price
2024-02-12,21.125048060188956,RBRTE,Brent Crude Oil Price,EIA (Sample),oil_price
2024-02-13,21.379173160323422,RBRTE,Brent Crude Oil Price,EIA (Sample),oil_price
2024-02-14,22.47900085169711,RBRTE,Brent Crude Oil Price,EIA (Sample),oil_price
2024-02-15,24.078639996761154,RBRTE,Brent Crude Oil Price,EIA (Sample),oil_price
2024-02-16,21.37065479130431,RBRTE,Brent Crude Oil Price,EIA (Sample),oil_price
2024-02-17,18.092152355980406,RBRTE,Brent Crude Oil Price,EIA (Sample),oil_price
2024-02-18,20.40374472832967,RBRTE,Brent Crude Oil Price,EIA (Sample),oil_price
2024-02-19,21.081789755337535,RBRTE,Brent Crude Oil Price,EIA (Sample),oil_price
2024-02-20,19.503846175498932,RBRTE,Brent Crude Oil Price,EIA (Sample),oil_price
2024-02-21,22.529189128040187,RBRTE,Brent Crude Oil Price,EIA (Sample),oil_price
2024-02-22,22.78979469937026,RBRTE,Brent Crude Oil Price,EIA (Sample),oil_price
2024-02-23,25.47738877080626,RBRTE,Brent Crude Oil Price,EIA (Sample),oil_price
2024-02-24,25.649408230816242,RBRTE,Brent Crude Oil Price,EIA (Sample),oil_price
2024-02-25,30.935104709426795,RBRTE,Brent Crude Oil Price,EIA (Sample),oil_price
2024-02-26,36.3652699855982,RBRTE,Brent Crude Oil Price,EIA (Sample),oil_price
2024-02-27,35.45990513798059,RBRTE,Brent Crude Oil Price,EIA (Sample),oil_price
2024-02-28,38.90508651354649,RBRTE,Brent Crude Oil Price,EIA (Sample),oil_price
2024-02-29,41.41592722878373,RBRTE,Brent Crude Oil Price,EIA (Sample),oil_price
2024-03-01,47.0842417277614,RBRTE,Brent Crude Oil Price,EIA (Sample),oil_price
2024-03-02,42.540972781087234,RBRTE,Brent Crude Oil Price,EIA (Sample),oil_price
2024-03-03,45.45950242970911,RBRTE,Brent Crude Oil Price,EIA (Sample),oil_price
2024-03-04,50.271047482869356,RBRTE,Brent Crude Oil Price,EIA (Sample),oil_price
2024-03-05,41.42967985967199,RBRTE,Brent Crude Oil Price,EIA (Sample),oil_price
2024-03-06,36.527477722574524,RBRTE,Brent Crude Oil Price,EIA (Sample),oil_price
2024-03-07,29.0786769281456,RBRTE,Brent Crude Oil Price,EIA (Sample),oil_price
2024-03-08,28.295277498040832,RBRTE,Brent Crude Oil Price,EIA (Sample),oil_price
2024-03-09,30.325583222472527,RBRTE,Brent Crude Oil Price,EIA (Sample),oil_price
2024-03-10,34.88156860379319,RBRTE,Brent Crude Oil Price,EIA (Sample),oil_price
2024-03-11,35.14002282043273,RBRTE,Brent Crude Oil Price,EIA (Sample),oil_price
2024-03-12,40.86298156414141,RBRTE,Brent Crude Oil Price,EIA (Sample),oil_price
2024-03-13,35.22347551977343,RBRTE,Brent Crude Oil Price,EIA (Sample),oil_price
2024-03-14,29.223570554429607,RBRTE,Brent Crude Oil Price,EIA (Sample),oil_price
2024-03-15,29.06124034464545,RBRTE,Brent Crude Oil Price,EIA (Sample),oil_price
2024-03-16,30.17738217661539,RBRTE,Brent Crude Oil Price,EIA (Sample),oil_price
2024-03-17,30.07871798577503,RBRTE,Brent Crude Oil Price,EIA (Sample),oil_price
2024-03-18,23.860117197873233,RBRTE,Brent Crude Oil Price,EIA (Sample),oil_price
2024-03-19,23.64747573912781,RBRTE,Brent Crude Oil Price,EIA (Sample),oil_price
2024-03-20,20.56273465256574,RBRTE,Brent Crude Oil Price,EIA (Sample),oil_price
2024-03-21,21.939764545135684,RBRTE,Brent Crude Oil Price,EIA (Sample),oil_price
2024-03-22,22.74407246533814,RBRTE,Brent Crude Oil Price,EIA (Sample),oil_price
2024-03-23,20.60640306844455,RBRTE,Brent Crude Oil Price,EIA (Sample),oil_price
2024-03-24,19.54750818622665,RBRTE,Brent Crude Oil Price,EIA (Sample),oil_price
2024-03-25,17.477009687218025,RBRTE,Brent Crude Oil Price,EIA (Sample),oil_price
2024-03-26,17.367465368195095,RBRTE,Brent Crude Oil Price,EIA (Sample),oil_price
2024-03-27,19.02630548549537,RBRTE,Brent Crude Oil Price,EIA (Sample),oil_price
2024-03-28,17.150832997236407,RBRTE,Brent Crude Oil Price,EIA (Sample),oil_price
2024-03-29,18.015314758284955,RBRTE,Brent Crude Oil Price,EIA (Sample),oil_price
2024-03-30,17.06003896848915,RBRTE,Brent Crude Oil Price,EIA (Sample),oil_price
2024-03-31,15.707394826943952,RBRTE,Brent Crude Oil Price,EIA (Sample),oil_price
2024-04-01,15.539278014716336,RBRTE,Brent Crude Oil Price,EIA (Sample),oil_price
2024-04-02,13.93058618864881,RBRTE,Brent Crude Oil Price,EIA (Sample),oil_price
2024-04-03,13.159320252006363,RBRTE,Brent Crude Oil Price,EIA (Sample),oil_price
2024-04-04,11.58299437086885,RBRTE,Brent Crude Oil Price,EIA (Sample),oil_price
2024-04-05,13.858734386356359,RBRTE,Brent Crude Oil Price,EIA (Sample),oil_price
2024-04-06,13.907605206385925,RBRTE,Brent Crude Oil Price,EIA (Sample),oil_price
2024-04-07,12.934454594586054,RBRTE,Brent Crude Oil Price,EIA (Sample),oil_price
2024-04-08,13.21122593854059,RBRTE,Brent Crude Oil Price,EIA (Sample),oil_price
2024-04-09,13.062826814170473,RBRTE,Brent Crude Oil Price,EIA (Sample),oil_price
2024-04-10,12.774178053180563,RBRTE,Brent Crude Oil Price,EIA (Sample),oil_price
2024-04-11,13.558725531249468,RBRTE,Brent Crude Oil Price,EIA (Sample),oil_price
2024-04-12,14.58580944408314,RBRTE,Brent Crude Oil Price,EIA (Sample),oil_price
2024-04-13,13.812030579191683,RBRTE,Brent Crude Oil Price,EIA (Sample),oil_price
2024-04-14,13.016708664407616,RBRTE,Brent Crude Oil Price,EIA (Sample),oil_price
2024-04-15,12.658681883460234,RBRTE,Brent Crude Oil Price,EIA (Sample),oil_price
2024-04-16,10.0,RBRTE,Brent Crude Oil Price,EIA (Sample),oil_price
2024-04-17,10.0,RBRTE,Brent Crude Oil Price,EIA (Sample),oil_price
2024-04-18,11.366874267444524,RBRTE,Brent Crude Oil Price,EIA (Sample),oil_price
2024-04-19,13.236688384782004,RBRTE,Brent Crude Oil Price,EIA (Sample),oil_price
2024-04-20,12.907047139563202,RBRTE,Brent Crude Oil Price,EIA (Sample),oil_price
2024-04-21,13.651211929643619,RBRTE,Brent Crude Oil Price,EIA (Sample),oil_price
2024-04-22,14.076106111924434,RBRTE,Brent Crude Oil Price,EIA (Sample),oil_price
2024-04-23,18.409971408502795,RBRTE,Brent Crude Oil Price,EIA (Sample),oil_price
2024-04-24,20.471105619421557,RBRTE,Brent Crude Oil Price,EIA (Sample),oil_price
2024-04-25,20.209244166843078,RBRTE,Brent Crude Oil Price,EIA (Sample),oil_price
2024-04-26,18.278169159304394,RBRTE,Brent Crude Oil Price,EIA (Sample),oil_price
2024-04-27,15.341879400603395,RBRTE,Brent Crude Oil Price,EIA (Sample),oil_price
2024-04-28,15.654030856991715,RBRTE,Brent Crude Oil Price,EIA (Sample),oil_price
2024-04-29,14.470037066452798,RBRTE,Brent Crude Oil Price,EIA (Sample),oil_price
2024-04-30,12.412030676874965,RBRTE,Brent Crude Oil Price,EIA (Sample),oil_price
2024-05-01,11.609502429469588,RBRTE,Brent Crude Oil Price,EIA (Sample),oil_price
2024-05-02,10.353879011914657,RBRTE,Brent Crude Oil Price,EIA (Sample),oil_price
2024-05-03,12.100725048465177,RBRTE,Brent Crude Oil Price,EIA (Sample),oil_price
2024-05-04,13.167573077529275,RBRTE,Brent Crude Oil Price,EIA (Sample),oil_price
2024-05-05,13.157075043813526,RBRTE,Brent Crude Oil Price,EIA (Sample),oil_price
2024-05-06,15.104248653416331,RBRTE,Brent Crude Oil Price,EIA (Sample),oil_price
2024-05-07,15.221107669076694,RBRTE,Brent Crude Oil Price,EIA (Sample),oil_price
2024-05-08,13.91013771286747,RBRTE,Brent Crude Oil Price,EIA (Sample),oil_price
2024-05-09,16.028824279727985,RBRTE,Brent Crude Oil Price,EIA (Sample),oil_price
2024-05-10,16.892633719008177,RBRTE,Brent Crude Oil Price,EIA (Sample),oil_price
2024-05-11,15.140451782859511,RBRTE,Brent Crude Oil Price,EIA (Sample),oil_price
2024-05-12,14.852270425065702,RBRTE,Brent Crude Oil Price,EIA (Sample),oil_price
2024-05-13,13.55177851622629,RBRTE,Brent Crude Oil Price,EIA (Sample),oil_price
2024-05-14,11.677838947593692,RBRTE,Brent Crude Oil Price,EIA (Sample),oil_price
2024-05-15,12.759414171288872,RBRTE,Brent Crude Oil Price,EIA (Sample),oil_price
2024-05-16,15.195717945419808,RBRTE,Brent Crude Oil Price,EIA (Sample),oil_price
2024-05-17,13.070494107483231,RBRTE,Brent Crude Oil Price,EIA (Sample),oil_price
2024-05-18,13.806322716569076,RBRTE,Brent Crude Oil Price,EIA (Sample),oil_price
2024-05-19,12.90802458832572,RBRTE,Brent Crude Oil Price,EIA (Sample),oil_price
2024-05-20,12.27924194520249,RBRTE,Brent Crude Oil Price,EIA (Sample),oil_price
2024-05-21,11.551827112942787,RBRTE,Brent Crude Oil Price,EIA (Sample),oil_price
2024-05-22,10.553759913090826,RBRTE,Brent Crude Oil Price,EIA (Sample),oil_price
2024-05-23,10.604968474283027,RBRTE,Brent Crude Oil Price,EIA (Sample),oil_price
2024-05-24,10.0,RBRTE,Brent Crude Oil Price,EIA (Sample),oil_price
2024-05-25,10.270456825779839,RBRTE,Brent Crude Oil Price,EIA (Sample),oil_price
2024-05-26,10.218859992369223,RBRTE,Brent Crude Oil Price,EIA (Sample),oil_price
2024-05-27,10.0,RBRTE,Brent Crude Oil Price,EIA (Sample),oil_price
2024-05-28,10.0,RBRTE,Brent Crude Oil Price,EIA (Sample),oil_price
2024-05-29,10.0,RBRTE,Brent Crude Oil Price,EIA (Sample),oil_price
2024-05-30,10.755391225825758,RBRTE,Brent Crude Oil Price,EIA (Sample),oil_price
2024-05-31,11.294147258289817,RBRTE,Brent Crude Oil Price,EIA (Sample),oil_price
2024-06-01,10.190081969502979,RBRTE,Brent Crude Oil Price,EIA (Sample),oil_price
2024-06-02,10.29130240295733,RBRTE,Brent Crude Oil Price,EIA (Sample),oil_price
2024-06-03,11.064577613788058,RBRTE,Brent Crude Oil Price,EIA (Sample),oil_price
2024-06-04,10.0,RBRTE,Brent Crude Oil Price,EIA (Sample),oil_price
2024-06-05,10.543360192379936,RBRTE,Brent Crude Oil Price,EIA (Sample),oil_price
2024-06-06,10.0,RBRTE,Brent Crude Oil Price,EIA (Sample),oil_price
2024-06-07,10.570598668593158,RBRTE,Brent Crude Oil Price,EIA (Sample),oil_price
2024-06-08,10.0,RBRTE,Brent Crude Oil Price,EIA (Sample),oil_price
2024-06-09,10.0,RBRTE,Brent Crude Oil Price,EIA (Sample),oil_price
2024-06-10,10.0,RBRTE,Brent Crude Oil Price,EIA (Sample),oil_price
2024-06-11,10.048084946661382,RBRTE,Brent Crude Oil Price,EIA (Sample),oil_price
2024-06-12,10.309056322647068,RBRTE,Brent Crude Oil Price,EIA (Sample),oil_price
2024-06-13,10.0,RBRTE,Brent Crude Oil Price,EIA (Sample),oil_price
2024-06-14,10.638592458777374,RBRTE,Brent Crude Oil Price,EIA (Sample),oil_price
2024-06-15,10.0,RBRTE,Brent Crude Oil Price,EIA (Sample),oil_price
2024-06-16,10.0,RBRTE,Brent Crude Oil Price,EIA (Sample),oil_price
2024-06-17,10.0,RBRTE,Brent Crude Oil Price,EIA (Sample),oil_price
2024-06-18,10.0,RBRTE,Brent Crude Oil Price,EIA (Sample),oil_price
2024-06-19,10.047398671316415,RBRTE,Brent Crude Oil Price,EIA (Sample),oil_price
2024-06-20,10.0,RBRTE,Brent Crude Oil Price,EIA (Sample),oil_price
2024-06-21,10.0,RBRTE,Brent Crude Oil Price,EIA (Sample),oil_price
2024-06-22,11.00629280921444,RBRTE,Brent Crude Oil Price,EIA (Sample),oil_price
2024-06-23,10.37134872569175,RBRTE,Brent Crude Oil Price,EIA (Sample),oil_price
2024-06-24,11.238074157845496,RBRTE,Brent Crude Oil Price,EIA (Sample),oil_price
2024-06-25,10.0,RBRTE,Brent Crude Oil Price,EIA (Sample),oil_price
2024-06-26,10.529804177915283,RBRTE,Brent Crude Oil Price,EIA (Sample),oil_price
2024-06-27,12.047747706370796,RBRTE,Brent Crude Oil Price,EIA (Sample),oil_price
2024-06-28,10.0,RBRTE,Brent Crude Oil Price,EIA (Sample),oil_price
2024-06-29,10.0,RBRTE,Brent Crude Oil Price,EIA (Sample),oil_price
2024-06-30,10.57707212718054,RBRTE,Brent Crude Oil Price,EIA (Sample),oil_price
2024-07-01,10.362309557853743,RBRTE,Brent Crude Oil Price,EIA (Sample),oil_price
2024-07-02,10.746902400953092,RBRTE,Brent Crude Oil Price,EIA (Sample),oil_price
2024-07-03,10.097805415627455,RBRTE,Brent Crude Oil Price,EIA (Sample),oil_price
2024-07-04,10.185242098115642,RBRTE,Brent Crude Oil Price,EIA (Sample),oil_price
2024-07-05,10.026681064952275,RBRTE,Brent Crude Oil Price,EIA (Sample),oil_price
2024-07-06,11.197578893515807,RBRTE,Brent Crude Oil Price,EIA (Sample),oil_price
2024-07-07,11.482468640017823,RBRTE,Brent Crude Oil Price,EIA (Sample),oil_price
2024-07-08,11.870119838024328,RBRTE,Brent Crude Oil Price,EIA (Sample),oil_price
2024-07-09,11.38121694338477,RBRTE,Brent Crude Oil Price,EIA (Sample),oil_price
2024-07-10,10.826261721473397,RBRTE,Brent Crude Oil Price,EIA (Sample),oil_price
2024-07-11,10.357962906363252,RBRTE,Brent Crude Oil Price,EIA (Sample),oil_price
2024-07-12,10.766534972272243,RBRTE,Brent Crude Oil Price,EIA (Sample),oil_price
2024-07-13,10.31328055871872,RBRTE,Brent Crude Oil Price,EIA (Sample),oil_price
2024-07-14,10.612133498522246,RBRTE,Brent Crude Oil Price,EIA (Sample),oil_price
2024-07-15,12.814576532338755,RBRTE,Brent Crude Oil Price,EIA (Sample),oil_price
2024-07-16,13.930885950472387,RBRTE,Brent Crude Oil Price,EIA (Sample),oil_price
2024-07-17,13.476706286092352,RBRTE,Brent Crude Oil Price,EIA (Sample),oil_price
2024-07-18,15.095547007669198,RBRTE,Brent Crude Oil Price,EIA (Sample),oil_price
2024-07-19,14.479534910057302,RBRTE,Brent Crude Oil Price,EIA (Sample),oil_price
2024-07-20,11.528425374242097,RBRTE,Brent Crude Oil Price,EIA (Sample),oil_price
2024-07-21,10.366260593621465,RBRTE,Brent Crude Oil Price,EIA (Sample),oil_price
2024-07-22,10.0,RBRTE,Brent Crude Oil Price,EIA (Sample),oil_price
2024-07-23,10.0,RBRTE,Brent Crude Oil Price,EIA (Sample),oil_price
2024-07-24,10.018418379189551,RBRTE,Brent Crude Oil Price,EIA (Sample),oil_price
2024-07-25,11.697943417275335,RBRTE,Brent Crude Oil Price,EIA (Sample),oil_price
2024-07-26,12.080381209260496,RBRTE,Brent Crude Oil Price,EIA (Sample),oil_price
2024-07-27,11.815699418144332,RBRTE,Brent Crude Oil Price,EIA (Sample),oil_price
2024-07-28,12.795700122443874,RBRTE,Brent Crude Oil Price,EIA (Sample),oil_price
2024-07-29,10.0,RBRTE,Brent Crude Oil Price,EIA (Sample),oil_price
2024-07-30,10.235614558108566,RBRTE,Brent Crude Oil Price,EIA (Sample),oil_price
2024-07-31,11.024642458197428,RBRTE,Brent Crude Oil Price,EIA (Sample),oil_price
2024-08-01,10.0,RBRTE,Brent Crude Oil Price,EIA (Sample),oil_price
2024-08-02,11.143754043206929,RBRTE,Brent Crude Oil Price,EIA (Sample),oil_price
2024-08-03,11.520966114169621,RBRTE,Brent Crude Oil Price,EIA (Sample),oil_price
2024-08-04,11.042514315802089,RBRTE,Brent Crude Oil Price,EIA (Sample),oil_price
2024-08-05,11.74126459732795,RBRTE,Brent Crude Oil Price,EIA (Sample),oil_price
2024-08-06,14.407345163602367,RBRTE,Brent Crude Oil Price,EIA (Sample),oil_price
2024-08-07,14.669366154626315,RBRTE,Brent Crude Oil Price,EIA (Sample),oil_price
2024-08-08,15.03349002138188,RBRTE,Brent Crude Oil Price,EIA (Sample),oil_price
2024-08-09,14.342910271436754,RBRTE,Brent Crude Oil Price,EIA (Sample),oil_price
2024-08-10,13.12398611784483,RBRTE,Brent Crude Oil Price,EIA (Sample),oil_price
2024-08-11,14.213717690792432,RBRTE,Brent Crude Oil Price,EIA (Sample),oil_price
2024-08-12,12.996904308680218,RBRTE,Brent Crude Oil Price,EIA (Sample),oil_price
2024-08-13,13.089918262367492,RBRTE,Brent Crude Oil Price,EIA (Sample),oil_price
2024-08-14,12.46466856881084,RBRTE,Brent Crude Oil Price,EIA (Sample),oil_price
2024-08-15,13.061701046718396,RBRTE,Brent Crude Oil Price,EIA (Sample),oil_price
2024-08-16,13.497520513706077,RBRTE,Brent Crude Oil Price,EIA (Sample),oil_price
2024-08-17,14.897942181847123,RBRTE,Brent Crude Oil Price,EIA (Sample),oil_price
2024-08-18,14.138122699653932,RBRTE,Brent Crude Oil Price,EIA (Sample),oil_price
2024-08-19,13.756570204780047,RBRTE,Brent Crude Oil Price,EIA (Sample),oil_price
2024-08-20,12.410127027774978,RBRTE,Brent Crude Oil Price,EIA (Sample),oil_price
2024-08-21,11.858753448262096,RBRTE,Brent Crude Oil Price,EIA (Sample),oil_price
2024-08-22,12.306184800554758,RBRTE,Brent Crude Oil Price,EIA (Sample),oil_price
2024-08-23,13.237748981390158,RBRTE,Brent Crude Oil Price,EIA (Sample),oil_price
2024-08-24,12.017009673309591,RBRTE,Brent Crude Oil Price,EIA (Sample),oil_price
2024-08-25,13.062015948697292,RBRTE,Brent Crude Oil Price,EIA (Sample),oil_price
2024-08-26,14.832752281934102,RBRTE,Brent Crude Oil Price,EIA (Sample),oil_price
2024-08-27,15.445990032356358,RBRTE,Brent Crude Oil Price,EIA (Sample),oil_price
2024-08-28,18.34488697371036,RBRTE,Brent Crude Oil Price,EIA (Sample),oil_price
2024-08-29,16.92537943380707,RBRTE,Brent Crude Oil Price,EIA (Sample),oil_price
2024-08-30,14.81875412204524,RBRTE,Brent Crude Oil Price,EIA (Sample),oil_price
2024-08-31,12.182912320003679,RBRTE,Brent Crude Oil Price,EIA (Sample),oil_price
2024-09-01,14.00552998737498,RBRTE,Brent Crude Oil Price,EIA (Sample),oil_price
2024-09-02,14.922003769652484,RBRTE,Brent Crude Oil Price,EIA (Sample),oil_price
2024-09-03,14.839060302766415,RBRTE,Brent Crude Oil Price,EIA (Sample),oil_price
2024-09-04,15.254507435650662,RBRTE,Brent Crude Oil Price,EIA (Sample),oil_price
2024-09-05,13.537629331575015,RBRTE,Brent Crude Oil Price,EIA (Sample),oil_price
2024-09-06,16.848597705276855,RBRTE,Brent Crude Oil Price,EIA (Sample),oil_price
2024-09-07,17.066317276286952,RBRTE,Brent Crude Oil Price,EIA (Sample),oil_price
2024-09-08,17.253013903597086,RBRTE,Brent Crude Oil Price,EIA (Sample),oil_price
2024-09-09,18.50518006888617,RBRTE,Brent Crude Oil Price,EIA (Sample),oil_price
2024-09-10,19.395296313694615,RBRTE,Brent Crude Oil Price,EIA (Sample),oil_price
2024-09-11,19.829526012774227,RBRTE,Brent Crude Oil Price,EIA (Sample),oil_price
2024-09-12,18.262052635105594,RBRTE,Brent Crude Oil Price,EIA (Sample),oil_price
2024-09-13,19.123050630486023,RBRTE,Brent Crude Oil Price,EIA (Sample),oil_price
2024-09-14,22.72205560387673,RBRTE,Brent Crude Oil Price,EIA (Sample),oil_price
2024-09-15,25.779126513807107,RBRTE,Brent Crude Oil Price,EIA (Sample),oil_price
2024-09-16,29.886222474631367,RBRTE,Brent Crude Oil Price,EIA (Sample),oil_price
2024-09-17,28.35839193079721,RBRTE,Brent Crude Oil Price,EIA (Sample),oil_price
2024-09-18,25.552031795847316,RBRTE,Brent Crude Oil Price,EIA (Sample),oil_price
2024-09-19,25.230620657658523,RBRTE,Brent Crude Oil Price,EIA (Sample),oil_price
2024-09-20,25.371218069972258,RBRTE,Brent Crude Oil Price,EIA (Sample),oil_price
2024-09-21,28.14731523251631,RBRTE,Brent Crude Oil Price,EIA (Sample),oil_price
2024-09-22,23.383481687269608,RBRTE,Brent Crude Oil Price,EIA (Sample),oil_price
2024-09-23,26.96010287575607,RBRTE,Brent Crude Oil Price,EIA (Sample),oil_price
2024-09-24,26.534111955668912,RBRTE,Brent Crude Oil Price,EIA (Sample),oil_price
2024-09-25,25.401420945494856,RBRTE,Brent Crude Oil Price,EIA (Sample),oil_price
2024-09-26,22.830532017818793,RBRTE,Brent Crude Oil Price,EIA (Sample),oil_price
2024-09-27,19.052406194625544,RBRTE,Brent Crude Oil Price,EIA (Sample),oil_price
2024-09-28,20.620744227936495,RBRTE,Brent Crude Oil Price,EIA (Sample),oil_price
2024-09-29,20.77193133280693,RBRTE,Brent Crude Oil Price,EIA (Sample),oil_price
2024-09-30,18.092433409664228,RBRTE,Brent Crude Oil Price,EIA (Sample),oil_price
2024-10-01,15.749320765281158,RBRTE,Brent Crude Oil Price,EIA (Sample),oil_price
2024-10-02,15.220482671561788,RBRTE,Brent Crude Oil Price,EIA (Sample),oil_price
2024-10-03,17.76081399197487,RBRTE,Brent Crude Oil Price,EIA (Sample),oil_price
2024-10-04,17.299758621425433,RBRTE,Brent Crude Oil Price,EIA (Sample),oil_price
2024-10-05,14.699357595181448,RBRTE,Brent Crude Oil Price,EIA (Sample),oil_price
2024-10-06,14.33813107762796,RBRTE,Brent Crude Oil Price,EIA (Sample),oil_price
2024-10-07,13.947096448527889,RBRTE,Brent Crude Oil Price,EIA (Sample),oil_price
2024-10-08,10.18572263654262,RBRTE,Brent Crude Oil Price,EIA (Sample),oil_price
2024-10-09,10.130419391448765,RBRTE,Brent Crude Oil Price,EIA (Sample),oil_price
2024-10-10,10.0,RBRTE,Brent Crude Oil Price,EIA (Sample),oil_price
2024-10-11,10.696206364813419,RBRTE,Brent Crude Oil Price,EIA (Sample),oil_price
2024-10-12,12.673887959914914,RBRTE,Brent Crude Oil Price,EIA (Sample),oil_price
2024-10-13,14.101683856319564,RBRTE,Brent Crude Oil Price,EIA (Sample),oil_price
2024-10-14,13.722505525645168,RBRTE,Brent Crude Oil Price,EIA (Sample),oil_price
2024-10-15,12.204074735947458,RBRTE,Brent Crude Oil Price,EIA (Sample),oil_price
2024-10-16,15.34462227208189,RBRTE,Brent Crude Oil Price,EIA (Sample),oil_price
2024-10-17,15.435490722231542,RBRTE,Brent Crude Oil Price,EIA (Sample),oil_price
2024-10-18,15.456991267840495,RBRTE,Brent Crude Oil Price,EIA (Sample),oil_price
2024-10-19,15.419701141760974,RBRTE,Brent Crude Oil Price,EIA (Sample),oil_price
2024-10-20,15.72514192293873,RBRTE,Brent Crude Oil Price,EIA (Sample),oil_price
2024-10-21,15.49813312638294,RBRTE,Brent Crude Oil Price,EIA (Sample),oil_price
2024-10-22,14.60906411116515,RBRTE,Brent Crude Oil Price,EIA (Sample),oil_price
2024-10-23,13.81015437793067,RBRTE,Brent Crude Oil Price,EIA (Sample),oil_price
2024-10-24,13.764921606124169,RBRTE,Brent Crude Oil Price,EIA (Sample),oil_price
2024-10-25,13.016901668775946,RBRTE,Brent Crude Oil Price,EIA (Sample),oil_price
2024-10-26,12.088997322964918,RBRTE,Brent Crude Oil Price,EIA (Sample),oil_price
2024-10-27,12.217660796729906,RBRTE,Brent Crude Oil Price,EIA (Sample),oil_price
2024-10-28,11.9061382813957,RBRTE,Brent Crude Oil Price,EIA (Sample),oil_price
2024-10-29,13.69681313102721,RBRTE,Brent Crude Oil Price,EIA (Sample),oil_price
2024-10-30,10.0658293228718,RBRTE,Brent Crude Oil Price,EIA (Sample),oil_price
2024-10-31,11.16452149049146,RBRTE,Brent Crude Oil Price,EIA (Sample),oil_price
2024-11-01,12.555715981553757,RBRTE,Brent Crude Oil Price,EIA (Sample),oil_price
2024-11-02,10.0,RBRTE,Brent Crude Oil Price,EIA (Sample),oil_price
2024-11-03,10.0,RBRTE,Brent Crude Oil Price,EIA (Sample),oil_price
2024-11-04,10.0,RBRTE,Brent Crude Oil Price,EIA (Sample),oil_price
2024-11-05,10.0,RBRTE,Brent Crude Oil Price,EIA (Sample),oil_price
2024-11-06,10.0,RBRTE,Brent Crude Oil Price,EIA (Sample),oil_price
2024-11-07,10.0,RBRTE,Brent Crude Oil Price,EIA (Sample),oil_price
2024-11-08,11.752270443423622,RBRTE,Brent Crude Oil Price,EIA (Sample),oil_price
2024-11-09,12.851904995857325,RBRTE,Brent Crude Oil Price,EIA (Sample),oil_price
2024-11-10,14.486095523643652,RBRTE,Brent Crude Oil Price,EIA (Sample),oil_price
2024-11-11,15.53151656929119,RBRTE,Brent Crude Oil Price,EIA (Sample),oil_price
2024-11-12,13.777927940066395,RBRTE,Brent Crude Oil Price,EIA (Sample),oil_price
2024-11-13,13.055247696875679,RBRTE,Brent Crude Oil Price,EIA (Sample),oil_price
2024-11-14,13.694138308213711,RBRTE,Brent Crude Oil Price,EIA (Sample),oil_price
2024-11-15,12.020539583685665,RBRTE,Brent Crude Oil Price,EIA (Sample),oil_price
2024-11-16,12.877602168984959,RBRTE,Brent Crude Oil Price,EIA (Sample),oil_price
2024-11-17,12.568120682126622,RBRTE,Brent Crude Oil Price,EIA (Sample),oil_price
2024-11-18,12.097041367781072,RBRTE,Brent Crude Oil Price,EIA (Sample),oil_price
2024-11-19,12.957092582400467,RBRTE,Brent Crude Oil Price,EIA (Sample),oil_price
2024-11-20,13.53272866818931,RBRTE,Brent Crude Oil Price,EIA (Sample),oil_price
2024-11-21,13.044242950146687,RBRTE,Brent Crude Oil Price,EIA (Sample),oil_price
2024-11-22,14.556500911589591,RBRTE,Brent Crude Oil Price,EIA (Sample),oil_price
2024-11-23,12.982850980220194,RBRTE,Brent Crude Oil Price,EIA (Sample),oil_price
2024-11-24,13.782511000057081,RBRTE,Brent Crude Oil Price,EIA (Sample),oil_price
2024-11-25,14.599953461266777,RBRTE,Brent Crude Oil Price,EIA (Sample),oil_price
2024-11-26,14.148017100458267,RBRTE,Brent Crude Oil Price,EIA (Sample),oil_price
2024-11-27,14.60943065802883,RBRTE,Brent Crude Oil Price,EIA (Sample),oil_price
2024-11-28,12.781624954076875,RBRTE,Brent Crude Oil Price,EIA (Sample),oil_price
2024-11-29,13.962681634770496,RBRTE,Brent Crude Oil Price,EIA (Sample),oil_price
2024-11-30,13.70450866829626,RBRTE,Brent Crude Oil Price,EIA (Sample),oil_price
2024-12-01,12.988142451714142,RBRTE,Brent Crude Oil Price,EIA (Sample),oil_price
2024-12-02,14.35061057754733,RBRTE,Brent Crude Oil Price,EIA (Sample),oil_price
2024-12-03,13.339834375974165,RBRTE,Brent Crude Oil Price,EIA (Sample),oil_price
2024-12-04,11.46097033412819,RBRTE,Brent Crude Oil Price,EIA (Sample),oil_price
2024-12-05,10.0,RBRTE,Brent Crude Oil Price,EIA (Sample),oil_price
2024-12-06,10.60600995134564,RBRTE,Brent Crude Oil Price,EIA (Sample),oil_price
2024-12-07,10.0,RBRTE,Brent Crude Oil Price,EIA (Sample),oil_price
2024-12-08,11.754794181984366,RBRTE,Brent Crude Oil Price,EIA (Sample),oil_price
2024-12-09,10.0,RBRTE,Brent Crude Oil Price,EIA (Sample),oil_price
2024-12-10,11.696456368290038,RBRTE,Brent Crude Oil Price,EIA (Sample),oil_price
2024-12-11,11.943272028098288,RBRTE,Brent Crude Oil Price,EIA (Sample),oil_price
2024-12-12,11.82776492772309,RBRTE,Brent Crude Oil Price,EIA (Sample),oil_price
2024-12-13,11.18324744138251,RBRTE,Brent Crude Oil Price,EIA (Sample),oil_price
2024-12-14,11.629611234341626,RBRTE,Brent Crude Oil Price,EIA (Sample),oil_price
2024-12-15,11.585843538529515,RBRTE,Brent Crude Oil Price,EIA (Sample),oil_price
2024-12-16,12.864111836610373,RBRTE,Brent Crude Oil Price,EIA (Sample),oil_price
2024-12-17,13.011055561332524,RBRTE,Brent Crude Oil Price,EIA (Sample),oil_price
2024-12-18,13.206614018267187,RBRTE,Brent Crude Oil Price,EIA (Sample),oil_price
2024-12-19,12.726405404363522,RBRTE,Brent Crude Oil Price,EIA (Sample),oil_price
2024-12-20,12.653934095015657,RBRTE,Brent Crude Oil Price,EIA (Sample),oil_price
2024-12-21,13.043424424804593,RBRTE,Brent Crude Oil Price,EIA (Sample),oil_price
2024-12-22,10.81277920647397,RBRTE,Brent Crude Oil Price,EIA (Sample),oil_price
2024-12-23,10.0,RBRTE,Brent Crude Oil Price,EIA (Sample),oil_price
2024-12-24,10.743264094022715,RBRTE,Brent Crude Oil Price,EIA (Sample),oil_price
2024-12-25,10.926829346657653,RBRTE,Brent Crude Oil Price,EIA (Sample),oil_price
2024-12-26,10.72579389476221,RBRTE,Brent Crude Oil Price,EIA (Sample),oil_price
2024-12-27,10.745565751435135,RBRTE,Brent Crude Oil Price,EIA (Sample),oil_price
2024-12-28,11.119061958331114,RBRTE,Brent Crude Oil Price,EIA (Sample),oil_price
2024-12-29,10.518899825534236,RBRTE,Brent Crude Oil Price,EIA (Sample),oil_price
2024-12-30,10.0,RBRTE,Brent Crude Oil Price,EIA (Sample),oil_price
2024-12-31,10.195845255097682,RBRTE,Brent Crude Oil Price,EIA (Sample),oil_price
2025-01-01,10.0,RBRTE,Brent Crude Oil Price,EIA (Sample),oil_price
2025-01-02,10.408252755714472,RBRTE,Brent Crude Oil Price,EIA (Sample),oil_price
2025-01-03,10.0,RBRTE,Brent Crude Oil Price,EIA (Sample),oil_price
2025-01-04,11.029155637325642,RBRTE,Brent Crude Oil Price,EIA (Sample),oil_price
2025-01-05,11.550390756059816,RBRTE,Brent Crude Oil Price,EIA (Sample),oil_price
2025-01-06,11.84611510370936,RBRTE,Brent Crude Oil Price,EIA (Sample),oil_price
2025-01-07,13.010222154428956,RBRTE,Brent Crude Oil Price,EIA (Sample),oil_price
2025-01-08,15.17704140592718,RBRTE,Brent Crude Oil Price,EIA (Sample),oil_price
2025-01-09,16.716555053698503,RBRTE,Brent Crude Oil Price,EIA (Sample),oil_price
2025-01-10,13.639247510199468,RBRTE,Brent Crude Oil Price,EIA (Sample),oil_price
2025-01-11,11.894000814433618,RBRTE,Brent Crude Oil Price,EIA (Sample),oil_price
2025-01-12,11.150841547235052,RBRTE,Brent Crude Oil Price,EIA (Sample),oil_price
2025-01-13,11.179935263905248,RBRTE,Brent Crude Oil Price,EIA (Sample),oil_price
2025-01-14,11.758674697667388,RBRTE,Brent Crude Oil Price,EIA (Sample),oil_price
2025-01-15,10.905296156395758,RBRTE,Brent Crude Oil Price,EIA (Sample),oil_price
2025-01-16,11.108970844275193,RBRTE,Brent Crude Oil Price,EIA (Sample),oil_price
2025-01-17,10.269818147097578,RBRTE,Brent Crude Oil Price,EIA (Sample),oil_price
2025-01-18,10.0,RBRTE,Brent Crude Oil Price,EIA (Sample),oil_price
2025-01-19,10.0,RBRTE,Brent Crude Oil Price,EIA (Sample),oil_price
2025-01-20,10.0,RBRTE,Brent Crude Oil Price,EIA (Sample),oil_price
2025-01-21,10.0,RBRTE,Brent Crude Oil Price,EIA (Sample),oil_price
2025-01-22,10.0,RBRTE,Brent Crude Oil Price,EIA (Sample),oil_price
2025-01-23,11.05364179660784,RBRTE,Brent Crude Oil Price,EIA (Sample),oil_price
2025-01-24,10.00421027268326,RBRTE,Brent Crude Oil Price,EIA (Sample),oil_price
2025-01-25,12.6377006421506,RBRTE,Brent Crude Oil Price,EIA (Sample),oil_price
2025-01-26,13.261141037425281,RBRTE,Brent Crude Oil Price,EIA (Sample),oil_price
2025-01-27,13.506254827938152,RBRTE,Brent Crude Oil Price,EIA (Sample),oil_price
2025-01-28,12.346934936671072,RBRTE,Brent Crude Oil Price,EIA (Sample),oil_price
2025-01-29,13.211602988328151,RBRTE,Brent Crude Oil Price,EIA (Sample),oil_price
2025-01-30,12.451093145796381,RBRTE,Brent Crude Oil Price,EIA (Sample),oil_price
2025-01-31,12.603008702481455,RBRTE,Brent Crude Oil Price,EIA (Sample),oil_price
2025-02-01,15.829485473970438,RBRTE,Brent Crude Oil Price,EIA (Sample),oil_price
2025-02-02,15.677427595238198,RBRTE,Brent Crude Oil Price,EIA (Sample),oil_price
2025-02-03,17.47919253123642,RBRTE,Brent Crude Oil Price,EIA (Sample),oil_price
2025-02-04,16.250096919416226,RBRTE,Brent Crude Oil Price,EIA (Sample),oil_price
2025-02-05,16.193240283252255,RBRTE,Brent Crude Oil Price,EIA (Sample),oil_price
2025-02-06,19.060740301910418,RBRTE,Brent Crude Oil Price,EIA (Sample),oil_price
2025-02-07,17.86569467527587,RBRTE,Brent Crude Oil Price,EIA (Sample),oil_price
2025-02-08,21.103759930457585,RBRTE,Brent Crude Oil Price,EIA (Sample),oil_price
2025-02-09,22.597382624074495,RBRTE,Brent Crude Oil Price,EIA (Sample),oil_price
2025-02-10,21.32635492925326,RBRTE,Brent Crude Oil Price,EIA (Sample),oil_price
2025-02-11,22.67505011956372,RBRTE,Brent Crude Oil Price,EIA (Sample),oil_price
2025-02-12,24.880322208492803,RBRTE,Brent Crude Oil Price,EIA (Sample),oil_price
2025-02-13,26.42740542973426,RBRTE,Brent Crude Oil Price,EIA (Sample),oil_price
2025-02-14,22.27770890090066,RBRTE,Brent Crude Oil Price,EIA (Sample),oil_price
2025-02-15,20.657813867495715,RBRTE,Brent Crude Oil Price,EIA (Sample),oil_price
2025-02-16,20.146494477299765,RBRTE,Brent Crude Oil Price,EIA (Sample),oil_price
2025-02-17,19.99653721047071,RBRTE,Brent Crude Oil Price,EIA (Sample),oil_price
2025-02-18,21.237666479888013,RBRTE,Brent Crude Oil Price,EIA (Sample),oil_price
2025-02-19,21.615061938984287,RBRTE,Brent Crude Oil Price,EIA (Sample),oil_price
2025-02-20,18.728706836645078,RBRTE,Brent Crude Oil Price,EIA (Sample),oil_price
2025-02-21,19.440768245786394,RBRTE,Brent Crude Oil Price,EIA (Sample),oil_price
2025-02-22,20.62779384261075,RBRTE,Brent Crude Oil Price,EIA (Sample),oil_price
2025-02-23,21.78251803810917,RBRTE,Brent Crude Oil Price,EIA (Sample),oil_price
2025-02-24,24.136730603072596,RBRTE,Brent Crude Oil Price,EIA (Sample),oil_price
2025-02-25,26.149546041900674,RBRTE,Brent Crude Oil Price,EIA (Sample),oil_price
2025-02-26,27.350281104231435,RBRTE,Brent Crude Oil Price,EIA (Sample),oil_price
2025-02-27,27.158375911004196,RBRTE,Brent Crude Oil Price,EIA (Sample),oil_price
2025-02-28,22.64747577041222,RBRTE,Brent Crude Oil Price,EIA (Sample),oil_price
2025-03-01,23.62045259124551,RBRTE,Brent Crude Oil Price,EIA (Sample),oil_price
2025-03-02,24.11102030808768,RBRTE,Brent Crude Oil Price,EIA (Sample),oil_price
2025-03-03,24.76582459397413,RBRTE,Brent Crude Oil Price,EIA (Sample),oil_price
2025-03-04,21.60385146603692,RBRTE,Brent Crude Oil Price,EIA (Sample),oil_price
2025-03-05,19.268352973500136,RBRTE,Brent Crude Oil Price,EIA (Sample),oil_price
2025-03-06,21.297605064806856,RBRTE,Brent Crude Oil Price,EIA (Sample),oil_price
2025-03-07,21.213362060295186,RBRTE,Brent Crude Oil Price,EIA (Sample),oil_price
2025-03-08,22.6590541640661,RBRTE,Brent Crude Oil Price,EIA (Sample),oil_price
2025-03-09,22.723220925923943,RBRTE,Brent Crude Oil Price,EIA (Sample),oil_price
2025-03-10,22.79083645909038,RBRTE,Brent Crude Oil Price,EIA (Sample),oil_price
2025-03-11,24.92926373651156,RBRTE,Brent Crude Oil Price,EIA (Sample),oil_price
2025-03-12,23.642802223554828,RBRTE,Brent Crude Oil Price,EIA (Sample),oil_price
2025-03-13,23.87005867543384,RBRTE,Brent Crude Oil Price,EIA (Sample),oil_price
2025-03-14,22.76660484887459,RBRTE,Brent Crude Oil Price,EIA (Sample),oil_price
2025-03-15,21.77740445704676,RBRTE,Brent Crude Oil Price,EIA (Sample),oil_price
2025-03-16,21.104107819084703,RBRTE,Brent Crude Oil Price,EIA (Sample),oil_price
2025-03-17,21.572901325766484,RBRTE,Brent Crude Oil Price,EIA (Sample),oil_price
2025-03-18,20.540101648267193,RBRTE,Brent Crude Oil Price,EIA (Sample),oil_price
2025-03-19,23.119437494738623,RBRTE,Brent Crude Oil Price,EIA (Sample),oil_price
2025-03-20,21.051155734138568,RBRTE,Brent Crude Oil Price,EIA (Sample),oil_price
2025-03-21,20.657769325785036,RBRTE,Brent Crude Oil Price,EIA (Sample),oil_price
2025-03-22,19.749383049063912,RBRTE,Brent Crude Oil Price,EIA (Sample),oil_price
2025-03-23,22.60707509922651,RBRTE,Brent Crude Oil Price,EIA (Sample),oil_price
2025-03-24,23.051427958597394,RBRTE,Brent Crude Oil Price,EIA (Sample),oil_price
2025-03-25,25.429976965200726,RBRTE,Brent Crude Oil Price,EIA (Sample),oil_price
2025-03-26,21.65220035852621,RBRTE,Brent Crude Oil Price,EIA (Sample),oil_price
2025-03-27,22.230422944766097,RBRTE,Brent Crude Oil Price,EIA (Sample),oil_price
2025-03-28,24.208109829905876,RBRTE,Brent Crude Oil Price,EIA (Sample),oil_price
2025-03-29,24.407303814868104,RBRTE,Brent Crude Oil Price,EIA (Sample),oil_price
2025-03-30,27.007854137168067,RBRTE,Brent Crude Oil Price,EIA (Sample),oil_price
2025-03-31,25.610769036452805,RBRTE,Brent Crude Oil Price,EIA (Sample),oil_price
2025-04-01,29.220216214723692,RBRTE,Brent Crude Oil Price,EIA (Sample),oil_price
2025-04-02,35.937646237501404,RBRTE,Brent Crude Oil Price,EIA (Sample),oil_price
2025-04-03,34.63368985486093,RBRTE,Brent Crude Oil Price,EIA (Sample),oil_price
2025-04-04,33.09075023928565,RBRTE,Brent Crude Oil Price,EIA (Sample),oil_price
2025-04-05,37.90010851268131,RBRTE,Brent Crude Oil Price,EIA (Sample),oil_price
2025-04-06,43.88670408536159,RBRTE,Brent Crude Oil Price,EIA (Sample),oil_price
2025-04-07,41.59204375638763,RBRTE,Brent Crude Oil Price,EIA (Sample),oil_price
2025-04-08,39.84440090813681,RBRTE,Brent Crude Oil Price,EIA (Sample),oil_price
2025-04-09,38.72164701561876,RBRTE,Brent Crude Oil Price,EIA (Sample),oil_price
2025-04-10,33.515713203795,RBRTE,Brent Crude Oil Price,EIA (Sample),oil_price
2025-04-11,30.43678568654776,RBRTE,Brent Crude Oil Price,EIA (Sample),oil_price
2025-04-12,27.380503954871916,RBRTE,Brent Crude Oil Price,EIA (Sample),oil_price
2025-04-13,25.27823552808445,RBRTE,Brent Crude Oil Price,EIA (Sample),oil_price
2025-04-14,25.19055825282164,RBRTE,Brent Crude Oil Price,EIA (Sample),oil_price
2025-04-15,25.78055823918466,RBRTE,Brent Crude Oil Price,EIA (Sample),oil_price
2025-04-16,29.777835064672445,RBRTE,Brent Crude Oil Price,EIA (Sample),oil_price
2025-04-17,26.804952868545545,RBRTE,Brent Crude Oil Price,EIA (Sample),oil_price
2025-04-18,29.4434244184074,RBRTE,Brent Crude Oil Price,EIA (Sample),oil_price
2025-04-19,28.813367982273785,RBRTE,Brent Crude Oil Price,EIA (Sample),oil_price
2025-04-20,28.670846375475396,RBRTE,Brent Crude Oil Price,EIA (Sample),oil_price
2025-04-21,30.605610974583897,RBRTE,Brent Crude Oil Price,EIA (Sample),oil_price
2025-04-22,27.169451632130485,RBRTE,Brent Crude Oil Price,EIA (Sample),oil_price
2025-04-23,28.208437942390773,RBRTE,Brent Crude Oil Price,EIA (Sample),oil_price
2025-04-24,28.677973620965965,RBRTE,Brent Crude Oil Price,EIA (Sample),oil_price
2025-04-25,30.09022405684967,RBRTE,Brent Crude Oil Price,EIA (Sample),oil_price
2025-04-26,30.960338985389832,RBRTE,Brent Crude Oil Price,EIA (Sample),oil_price
2025-04-27,38.56203144964147,RBRTE,Brent Crude Oil Price,EIA (Sample),oil_price
2025-04-28,36.10277651670216,RBRTE,Brent Crude Oil Price,EIA (Sample),oil_price
2025-04-29,34.18573007695416,RBRTE,Brent Crude Oil Price,EIA (Sample),oil_price
2025-04-30,32.05547869331735,RBRTE,Brent Crude Oil Price,EIA (Sample),oil_price
2025-05-01,30.274870197530664,RBRTE,Brent Crude Oil Price,EIA (Sample),oil_price
2025-05-02,28.345188943052484,RBRTE,Brent Crude Oil Price,EIA (Sample),oil_price
2025-05-03,31.715478766118125,RBRTE,Brent Crude Oil Price,EIA (Sample),oil_price
2025-05-04,36.22067599754841,RBRTE,Brent Crude Oil Price,EIA (Sample),oil_price
2025-05-05,34.15339433927827,RBRTE,Brent Crude Oil Price,EIA (Sample),oil_price
2025-05-06,31.310617527405803,RBRTE,Brent Crude Oil Price,EIA (Sample),oil_price
2025-05-07,32.78664874565419,RBRTE,Brent Crude Oil Price,EIA (Sample),oil_price
2025-05-08,30.976094447444584,RBRTE,Brent Crude Oil Price,EIA (Sample),oil_price
2025-05-09,32.936670024003334,RBRTE,Brent Crude Oil Price,EIA (Sample),oil_price
2025-05-10,33.60503088180865,RBRTE,Brent Crude Oil Price,EIA (Sample),oil_price
2025-05-11,28.51136810246848,RBRTE,Brent Crude Oil Price,EIA (Sample),oil_price
2025-05-12,32.92351714602908,RBRTE,Brent Crude Oil Price,EIA (Sample),oil_price
2025-05-13,38.836178082262194,RBRTE,Brent Crude Oil Price,EIA (Sample),oil_price
2025-05-14,36.456341011217404,RBRTE,Brent Crude Oil Price,EIA (Sample),oil_price
2025-05-15,35.04292298325669,RBRTE,Brent Crude Oil Price,EIA (Sample),oil_price
2025-05-16,36.04467887033183,RBRTE,Brent Crude Oil Price,EIA (Sample),oil_price
2025-05-17,37.250217629440264,RBRTE,Brent Crude Oil Price,EIA (Sample),oil_price
2025-05-18,39.7033093770087,RBRTE,Brent Crude Oil Price,EIA (Sample),oil_price
2025-05-19,47.68448664837945,RBRTE,Brent Crude Oil Price,EIA (Sample),oil_price
2025-05-20,46.84072287768867,RBRTE,Brent Crude Oil Price,EIA (Sample),oil_price
2025-05-21,43.10144087714385,RBRTE,Brent Crude Oil Price,EIA (Sample),oil_price
2025-05-22,37.15637626144627,RBRTE,Brent Crude Oil Price,EIA (Sample),oil_price
2025-05-23,34.44050510295868,RBRTE,Brent Crude Oil Price,EIA (Sample),oil_price
2025-05-24,34.326414135128125,RBRTE,Brent Crude Oil Price,EIA (Sample),oil_price
2025-05-25,40.48648777638436,RBRTE,Brent Crude Oil Price,EIA (Sample),oil_price
2025-05-26,38.39086142324972,RBRTE,Brent Crude Oil Price,EIA (Sample),oil_price
2025-05-27,39.2500026472059,RBRTE,Brent Crude Oil Price,EIA (Sample),oil_price
2025-05-28,39.18554277577287,RBRTE,Brent Crude Oil Price,EIA (Sample),oil_price
2025-05-29,43.84232632088694,RBRTE,Brent Crude Oil Price,EIA (Sample),oil_price
2025-05-30,54.92098592148512,RBRTE,Brent Crude Oil Price,EIA (Sample),oil_price
2025-05-31,52.00540228111382,RBRTE,Brent Crude Oil Price,EIA (Sample),oil_price
2025-06-01,49.46005277107339,RBRTE,Brent Crude Oil Price,EIA (Sample),oil_price
2025-06-02,54.62447797920605,RBRTE,Brent Crude Oil Price,EIA (Sample),oil_price
2025-06-03,58.3492746451361,RBRTE,Brent Crude Oil Price,EIA (Sample),oil_price
2025-06-04,69.12467793899177,RBRTE,Brent Crude Oil Price,EIA (Sample),oil_price
2025-06-05,73.16106271400749,RBRTE,Brent Crude Oil Price,EIA (Sample),oil_price
2025-06-06,70.5324435953356,RBRTE,Brent Crude Oil Price,EIA (Sample),oil_price
2025-06-07,74.69847644834738,RBRTE,Brent Crude Oil Price,EIA (Sample),oil_price
2025-06-08,82.98032327858445,RBRTE,Brent Crude Oil Price,EIA (Sample),oil_price
2025-06-09,89.78871094259199,RBRTE,Brent Crude Oil Price,EIA (Sample),oil_price
2025-06-10,94.34345907736966,RBRTE,Brent Crude Oil Price,EIA (Sample),oil_price
2025-06-11,104.40683706998169,RBRTE,Brent Crude Oil Price,EIA (Sample),oil_price
2025-06-12,116.61508248981264,RBRTE,Brent Crude Oil Price,EIA (Sample),oil_price
2025-06-13,132.7331409652004,RBRTE,Brent Crude Oil Price,EIA (Sample),oil_price
2025-06-14,141.34367106069593,RBRTE,Brent Crude Oil Price,EIA (Sample),oil_price
2025-06-15,138.98156276343587,RBRTE,Brent Crude Oil Price,EIA (Sample),oil_price
2025-06-16,141.02061250536465,RBRTE,Brent Crude Oil Price,EIA (Sample),oil_price
2025-06-17,158.03487585038695,RBRTE,Brent Crude Oil Price,EIA (Sample),oil_price
2025-06-18,145.1244431161649,RBRTE,Brent Crude Oil Price,EIA (Sample),oil_price
2025-06-19,150.47479398036228,RBRTE,Brent Crude Oil Price,EIA (Sample),oil_price
2025-06-20,144.55603630541827,RBRTE,Brent Crude Oil Price,EIA (Sample),oil_price
